language ,name                ,subset       , M pages, B words, B chars,#words/page,#chars/word, B tokens,#tokens/words,#chars/tokens
---      ,---                 ,---          , 669.235, 246.810,1831.414,        369,        7.4,  599.615,            ,            
fr       ,---                 ,---          ,  13.745, 109.658, 667.129,       7978,        6.1,  213.290,        1.95,        3.13
en       ,---                 ,---          , 106.576,  61.989, 382.487,        582,        6.2,  103.849,        1.68,        3.68
fr-en    ,---                 ,---          , 410.032,  17.016, 107.658,         41,        6.3,   27.135,            ,            
de       ,---                 ,---          ,   3.137,   2.554,  17.361,        814,        6.8,    5.906,        2.31,        2.94
es       ,---                 ,---          ,   2.205,   2.136,  12.677,        969,        5.9,    4.128,        1.93,        3.07
it       ,---                 ,---          ,   2.117,   1.859,  11.464,        878,        6.2,    3.930,        2.11,        2.92
es-en    ,---                 ,---          ,   1.961,   0.103,   0.631,         52,        6.1,    0.157,        1.53,        4.02
it-en    ,---                 ,---          ,   1.901,   0.100,   0.638,         52,        6.4,    0.165,        1.65,        3.87
de-fr    ,---                 ,---          ,   1.792,   0.091,   0.621,         51,        6.8,         ,            ,            
code     ,---                 ,---          , 125.768,  51.305, 630.749,        408,       12.3,  241.055,        4.70,        2.62
fr       ,GallicaPress        ,html         ,   1.589,  42.511, 258.290,      26750,        6.1,         ,            ,            
fr       ,GallicaPress        ,txt          ,   1.281,  25.057, 150.202,      19561,        6.0,         ,            ,            
fr       ,GallicaMonographies ,             ,   0.262,  14.971,  89.722,      57130,        6.0,   27.128,        1.81,        3.31
fr       ,HAL                 ,             ,   0.346,   9.298,  57.892,      26854,        6.2,   17.171,        1.85,        3.37
fr       ,Theses              ,             ,   0.103,   8.294,  52.048,      80375,        6.3,   17.607,        2.12,        2.96
fr       ,Persee              ,             ,   1.094,   3.250,  20.314,       2970,        6.2,    6.129,        1.89,        3.31
fr       ,OpenEdition         ,             ,   0.939,   2.225,  14.459,       2369,        6.5,    3.879,        1.74,        3.73
fr       ,Wikipedia.fr        ,             ,   2.648,   1.726,   9.879,        652,        5.7,    3.110,        1.80,        3.18
fr       ,OpenData            ,inca-1       ,   0.247,   0.257,   1.547,       1043,        6.0,    0.423,        1.64,        3.66
fr       ,OpenData            ,inca-2       ,   0.127,   0.192,   1.149,       1512,        6.0,    0.314,        1.64,        3.66
fr       ,OpenData            ,balo         ,   0.136,   0.165,   1.047,       1215,        6.4,    0.308,        1.87,        3.40
fr       ,OpenData            ,kali         ,   0.431,   0.114,   0.727,        265,        6.4,    0.187,        1.64,        3.89
fr       ,OpenData            ,sarde        ,   0.224,   0.014,   0.085,         61,        6.2,    0.033,        2.39,        2.60
fr       ,OpenData            ,dole         ,   0.004,   0.013,   0.083,       3230,        6.2,    0.023,        1.72,        3.62
fr       ,Wikiother.fr        ,wikisource   ,   0.186,   0.523,   3.080,       2818,        5.9,    0.849,        1.62,        3.63
fr       ,Wikiother.fr        ,wiktionary   ,   0.650,   0.053,   0.347,         82,        6.5,    0.124,        2.34,        2.79
fr       ,OtherFr             ,questions_ecr,   0.189,   0.108,   0.705,        572,        6.5,    0.167,        1.54,        4.23
fr       ,OtherFr             ,interventions,   1.832,   0.104,   0.654,         57,        6.3,    0.167,        1.60,        3.92
fr       ,OtherFr             ,LEGI         ,   0.621,   0.088,   0.563,        141,        6.4,    0.155,        1.77,        3.63
fr       ,OtherFr             ,amendements_p,   0.673,   0.045,   0.274,         67,        6.1,    0.078,        1.72,        3.52
fr       ,Gutenberg.fr        ,             ,   0.003,   0.226,   1.385,      68357,        6.1,    0.417,        1.85,        3.32
fr       ,Claire.fr           ,AssembleeNati,   0.004,   0.130,   0.822,      28841,        6.3,    0.199,        1.54,        4.13
fr       ,Claire.fr           ,Senat        ,   0.001,   0.051,   0.330,      69631,        6.4,    0.081,        1.58,        4.06
fr       ,Claire.fr           ,Theatre      ,   0.031,   0.017,   0.096,        538,        5.7,    0.031,        1.85,        3.10
fr       ,Claire.fr           ,ESLO         ,   0.001,   0.005,   0.030,       7811,        5.9,    0.009,        1.83,        3.24
fr       ,Claire.fr           ,ORFEO        ,   0.000,   0.001,   0.008,       3337,        5.7,    0.002,        1.59,        3.57
fr       ,Claire.fr           ,SUMM         ,   0.000,   0.001,   0.007,       4474,        5.6,    0.002,        1.57,        3.56
fr       ,Claire.fr           ,TCOF         ,   0.000,   0.001,   0.005,       3310,        5.8,    0.001,        1.77,        3.26
fr       ,Claire.fr           ,CFPP         ,   0.000,   0.001,   0.004,      15389,        6.0,    0.001,        1.85,        3.22
fr       ,Claire.fr           ,OFROM        ,   0.000,   0.001,   0.003,       3927,        5.8,    0.001,        1.79,        3.22
fr       ,Claire.fr           ,PFC          ,   0.000,   0.001,   0.003,       1585,        5.9,    0.001,        1.91,        3.08
fr       ,Claire.fr           ,FREDSum      ,   0.000,   0.000,   0.002,       2721,        5.9,    0.001,        1.56,        3.80
fr       ,Claire.fr           ,CLAPI        ,   0.000,   0.000,   0.001,      10318,        6.3,    0.000,        2.19,        2.87
fr       ,Claire.fr           ,CID          ,   0.000,   0.000,   0.001,      15041,        6.0,    0.000,        2.04,        2.94
fr       ,Claire.fr           ,LINAGORA     ,   0.000,   0.000,   0.001,       7586,        6.0,    0.000,        1.88,        3.19
fr       ,Claire.fr           ,ACSYNT       ,   0.000,   0.000,   0.000,        425,        5.7,    0.000,        1.67,        3.40
fr       ,Claire.fr           ,OTG          ,   0.000,   0.000,   0.000,         95,        6.5,    0.000,        2.18,        2.98
fr       ,Claire.fr           ,Rhapsodie    ,   0.000,   0.000,   0.000,        669,        6.0,    0.000,        1.83,        3.26
fr       ,Claire.fr           ,ParisStories ,   0.000,   0.000,   0.000,        502,        5.4,    0.000,        1.66,        3.27
fr       ,Claire.fr           ,UBS          ,   0.000,   0.000,   0.000,        192,        6.3,    0.000,        2.18,        2.88
fr       ,DiscoursPublics     ,             ,   0.110,   0.163,   1.025,       1481,        6.3,    0.254,        1.56,        4.03
fr       ,Europarl.fr         ,             ,   0.010,   0.053,   0.339,       5129,        6.4,    0.076,        1.45,        4.43
en       ,PeS2o               ,validation   ,   0.161,   0.279,   1.785,       1734,        6.4,         ,            ,            
en       ,AmericanStories     ,1922         ,   2.024,   0.314,   1.801,        155,        5.7,         ,            ,            
en       ,AmericanStories     ,1921         ,   1.972,   0.300,   1.718,        152,        5.7,         ,            ,            
en       ,AmericanStories     ,1920         ,   1.732,   0.252,   1.441,        145,        5.7,         ,            ,            
en       ,AmericanStories     ,1909         ,   1.642,   0.251,   1.419,        153,        5.7,         ,            ,            
en       ,AmericanStories     ,1919         ,   1.693,   0.245,   1.401,        145,        5.7,         ,            ,            
en       ,AmericanStories     ,1918         ,   1.655,   0.244,   1.390,        147,        5.7,         ,            ,            
en       ,AmericanStories     ,1908         ,   1.563,   0.240,   1.358,        153,        5.7,         ,            ,            
en       ,AmericanStories     ,1914         ,   1.672,   0.236,   1.338,        141,        5.7,         ,            ,            
en       ,AmericanStories     ,1915         ,   1.641,   0.231,   1.311,        141,        5.7,         ,            ,            
en       ,AmericanStories     ,1912         ,   1.531,   0.221,   1.251,        144,        5.7,         ,            ,            
en       ,AmericanStories     ,1916         ,   1.609,   0.221,   1.258,        137,        5.7,         ,            ,            
en       ,AmericanStories     ,1906         ,   1.424,   0.221,   1.249,        155,        5.7,         ,            ,            
en       ,AmericanStories     ,1917         ,   1.589,   0.219,   1.245,        138,        5.7,         ,            ,            
en       ,AmericanStories     ,1913         ,   1.548,   0.216,   1.221,        139,        5.7,         ,            ,            
en       ,AmericanStories     ,1910         ,   1.428,   0.213,   1.207,        149,        5.7,         ,            ,            
en       ,AmericanStories     ,1905         ,   1.393,   0.212,   1.201,        152,        5.7,         ,            ,            
en       ,AmericanStories     ,1901         ,   1.245,   0.203,   1.150,        163,        5.7,         ,            ,            
en       ,AmericanStories     ,1898         ,   1.150,   0.181,   1.024,        157,        5.7,         ,            ,            
en       ,AmericanStories     ,1897         ,   1.077,   0.173,   0.982,        161,        5.7,         ,            ,            
en       ,AmericanStories     ,1903         ,   1.141,   0.172,   0.972,        151,        5.7,         ,            ,            
en       ,AmericanStories     ,1896         ,   1.007,   0.172,   0.974,        170,        5.7,         ,            ,            
en       ,AmericanStories     ,1904         ,   1.147,   0.165,   0.937,        144,        5.7,         ,            ,            
en       ,AmericanStories     ,1907         ,   0.963,   0.128,   0.726,        133,        5.7,         ,            ,            
en       ,AmericanStories     ,1895         ,   0.769,   0.124,   0.702,        161,        5.7,         ,            ,            
en       ,AmericanStories     ,1911         ,   0.858,   0.112,   0.636,        131,        5.7,         ,            ,            
en       ,AmericanStories     ,1923         ,   0.766,   0.110,   0.631,        143,        5.7,         ,            ,            
en       ,AmericanStories     ,1894         ,   0.677,   0.109,   0.620,        162,        5.7,         ,            ,            
en       ,AmericanStories     ,1924         ,   0.725,   0.108,   0.621,        149,        5.8,         ,            ,            
en       ,AmericanStories     ,1902         ,   0.786,   0.106,   0.603,        135,        5.7,         ,            ,            
en       ,AmericanStories     ,1893         ,   0.558,   0.089,   0.505,        160,        5.7,         ,            ,            
en       ,AmericanStories     ,1891         ,   0.522,   0.088,   0.499,        168,        5.7,         ,            ,            
en       ,AmericanStories     ,1933         ,   0.563,   0.086,   0.498,        152,        5.8,         ,            ,            
en       ,AmericanStories     ,1934         ,   0.560,   0.085,   0.495,        152,        5.8,         ,            ,            
en       ,AmericanStories     ,1899         ,   0.650,   0.083,   0.474,        128,        5.7,         ,            ,            
en       ,AmericanStories     ,1935         ,   0.542,   0.081,   0.468,        149,        5.8,         ,            ,            
en       ,AmericanStories     ,1936         ,   0.556,   0.080,   0.468,        145,        5.8,         ,            ,            
en       ,AmericanStories     ,1937         ,   0.559,   0.080,   0.464,        142,        5.8,         ,            ,            
en       ,AmericanStories     ,1938         ,   0.550,   0.079,   0.459,        143,        5.8,         ,            ,            
en       ,AmericanStories     ,1941         ,   0.512,   0.075,   0.440,        147,        5.8,         ,            ,            
en       ,AmericanStories     ,1900         ,   0.589,   0.075,   0.427,        127,        5.7,         ,            ,            
en       ,AmericanStories     ,1926         ,   0.514,   0.073,   0.419,        142,        5.7,         ,            ,            
en       ,AmericanStories     ,1892         ,   0.451,   0.072,   0.410,        160,        5.7,         ,            ,            
en       ,AmericanStories     ,1942         ,   0.424,   0.065,   0.380,        154,        5.8,         ,            ,            
en       ,AmericanStories     ,1927         ,   0.431,   0.061,   0.353,        142,        5.7,         ,            ,            
en       ,AmericanStories     ,1940         ,   0.403,   0.060,   0.348,        148,        5.8,         ,            ,            
en       ,AmericanStories     ,1931         ,   0.442,   0.060,   0.345,        135,        5.8,         ,            ,            
en       ,AmericanStories     ,1883         ,   0.326,   0.058,   0.331,        179,        5.7,         ,            ,            
en       ,AmericanStories     ,1947         ,   0.311,   0.051,   0.295,        163,        5.8,         ,            ,            
en       ,AmericanStories     ,1879         ,   0.228,   0.050,   0.282,        218,        5.7,         ,            ,            
en       ,AmericanStories     ,1948         ,   0.308,   0.049,   0.284,        158,        5.8,         ,            ,            
en       ,AmericanStories     ,1876         ,   0.223,   0.048,   0.277,        217,        5.7,         ,            ,            
en       ,AmericanStories     ,1932         ,   0.373,   0.048,   0.283,        130,        5.8,         ,            ,            
en       ,AmericanStories     ,1929         ,   0.361,   0.048,   0.278,        134,        5.8,         ,            ,            
en       ,AmericanStories     ,1878         ,   0.236,   0.048,   0.275,        205,        5.7,         ,            ,            
en       ,AmericanStories     ,1951         ,   0.323,   0.048,   0.278,        147,        5.8,         ,            ,            
en       ,AmericanStories     ,1949         ,   0.306,   0.046,   0.268,        150,        5.8,         ,            ,            
en       ,AmericanStories     ,1888         ,   0.299,   0.043,   0.247,        145,        5.7,         ,            ,            
en       ,AmericanStories     ,1889         ,   0.295,   0.042,   0.241,        144,        5.7,         ,            ,            
en       ,AmericanStories     ,1925         ,   0.347,   0.042,   0.244,        122,        5.8,         ,            ,            
en       ,AmericanStories     ,1881         ,   0.223,   0.040,   0.229,        182,        5.7,         ,            ,            
en       ,AmericanStories     ,1939         ,   0.301,   0.039,   0.230,        131,        5.8,         ,            ,            
en       ,AmericanStories     ,1880         ,   0.219,   0.039,   0.224,        180,        5.7,         ,            ,            
en       ,AmericanStories     ,1890         ,   0.279,   0.039,   0.223,        141,        5.7,         ,            ,            
en       ,AmericanStories     ,1873         ,   0.177,   0.038,   0.217,        215,        5.7,         ,            ,            
en       ,AmericanStories     ,1874         ,   0.165,   0.037,   0.212,        226,        5.7,         ,            ,            
en       ,AmericanStories     ,1945         ,   0.280,   0.036,   0.212,        130,        5.8,         ,            ,            
en       ,AmericanStories     ,1960         ,   0.258,   0.036,   0.211,        140,        5.8,         ,            ,            
en       ,AmericanStories     ,1887         ,   0.261,   0.036,   0.202,        136,        5.7,         ,            ,            
en       ,AmericanStories     ,1946         ,   0.244,   0.034,   0.199,        140,        5.8,         ,            ,            
en       ,AmericanStories     ,1930         ,   0.273,   0.033,   0.190,        120,        5.8,         ,            ,            
en       ,AmericanStories     ,1954         ,   0.205,   0.031,   0.181,        151,        5.8,         ,            ,            
en       ,AmericanStories     ,1928         ,   0.254,   0.030,   0.176,        120,        5.8,         ,            ,            
en       ,AmericanStories     ,1955         ,   0.197,   0.030,   0.172,        150,        5.8,         ,            ,            
en       ,AmericanStories     ,1944         ,   0.219,   0.029,   0.171,        134,        5.8,         ,            ,            
en       ,AmericanStories     ,1886         ,   0.217,   0.029,   0.165,        134,        5.7,         ,            ,            
en       ,AmericanStories     ,1962         ,   0.209,   0.029,   0.168,        138,        5.8,         ,            ,            
en       ,AmericanStories     ,1943         ,   0.222,   0.028,   0.165,        128,        5.8,         ,            ,            
en       ,AmericanStories     ,1861         ,   0.141,   0.028,   0.163,        200,        5.8,         ,            ,            
en       ,AmericanStories     ,1862         ,   0.119,   0.027,   0.156,        228,        5.7,         ,            ,            
en       ,AmericanStories     ,1950         ,   0.208,   0.027,   0.158,        130,        5.9,         ,            ,            
en       ,AmericanStories     ,1867         ,   0.117,   0.026,   0.151,        225,        5.7,         ,            ,            
en       ,AmericanStories     ,1871         ,   0.111,   0.026,   0.147,        231,        5.7,         ,            ,            
en       ,AmericanStories     ,1952         ,   0.187,   0.025,   0.147,        134,        5.9,         ,            ,            
en       ,AmericanStories     ,1963         ,   0.179,   0.025,   0.143,        137,        5.8,         ,            ,            
en       ,AmericanStories     ,1953         ,   0.176,   0.024,   0.144,        139,        5.9,         ,            ,            
en       ,AmericanStories     ,1882         ,   0.164,   0.024,   0.138,        148,        5.7,         ,            ,            
en       ,AmericanStories     ,1885         ,   0.160,   0.024,   0.135,        149,        5.7,         ,            ,            
en       ,AmericanStories     ,1859         ,   0.134,   0.024,   0.135,        176,        5.7,         ,            ,            
en       ,AmericanStories     ,1856         ,   0.120,   0.024,   0.136,        197,        5.7,         ,            ,            
en       ,AmericanStories     ,1884         ,   0.158,   0.023,   0.131,        146,        5.7,         ,            ,            
en       ,AmericanStories     ,1860         ,   0.122,   0.021,   0.123,        175,        5.7,         ,            ,            
en       ,AmericanStories     ,1866         ,   0.097,   0.021,   0.122,        220,        5.7,         ,            ,            
en       ,AmericanStories     ,1875         ,   0.128,   0.019,   0.108,        148,        5.7,         ,            ,            
en       ,AmericanStories     ,1961         ,   0.160,   0.019,   0.108,        116,        5.8,         ,            ,            
en       ,AmericanStories     ,1845         ,   0.067,   0.016,   0.095,        246,        5.7,         ,            ,            
en       ,AmericanStories     ,1877         ,   0.107,   0.016,   0.091,        151,        5.7,         ,            ,            
en       ,AmericanStories     ,1855         ,   0.084,   0.016,   0.091,        189,        5.7,         ,            ,            
en       ,AmericanStories     ,1959         ,   0.102,   0.014,   0.082,        138,        5.8,         ,            ,            
en       ,AmericanStories     ,1872         ,   0.084,   0.013,   0.075,        157,        5.7,         ,            ,            
en       ,AmericanStories     ,1869         ,   0.072,   0.012,   0.071,        172,        5.7,         ,            ,            
en       ,AmericanStories     ,1858         ,   0.074,   0.011,   0.065,        154,        5.7,         ,            ,            
en       ,AmericanStories     ,1846         ,   0.060,   0.011,   0.063,        181,        5.8,         ,            ,            
en       ,AmericanStories     ,1870         ,   0.067,   0.011,   0.062,        158,        5.8,         ,            ,            
en       ,AmericanStories     ,1957         ,   0.073,   0.010,   0.059,        140,        5.8,         ,            ,            
en       ,AmericanStories     ,1868         ,   0.058,   0.010,   0.058,        174,        5.7,         ,            ,            
en       ,AmericanStories     ,1863         ,   0.061,   0.010,   0.056,        160,        5.7,         ,            ,            
en       ,AmericanStories     ,1852         ,   0.040,   0.009,   0.051,        223,        5.8,         ,            ,            
en       ,AmericanStories     ,1857         ,   0.058,   0.009,   0.050,        151,        5.7,         ,            ,            
en       ,AmericanStories     ,1854         ,   0.055,   0.009,   0.050,        160,        5.8,         ,            ,            
en       ,AmericanStories     ,1844         ,   0.036,   0.008,   0.048,        234,        5.7,         ,            ,            
en       ,AmericanStories     ,1851         ,   0.039,   0.008,   0.044,        192,        5.8,         ,            ,            
en       ,AmericanStories     ,1865         ,   0.039,   0.006,   0.035,        156,        5.7,         ,            ,            
en       ,AmericanStories     ,1956         ,   0.050,   0.006,   0.035,        120,        5.8,         ,            ,            
en       ,AmericanStories     ,1958         ,   0.049,   0.006,   0.035,        122,        5.8,         ,            ,            
en       ,AmericanStories     ,1849         ,   0.027,   0.006,   0.033,        215,        5.7,         ,            ,            
en       ,AmericanStories     ,1848         ,   0.025,   0.006,   0.032,        228,        5.7,         ,            ,            
en       ,AmericanStories     ,1864         ,   0.035,   0.005,   0.031,        153,        5.7,         ,            ,            
en       ,AmericanStories     ,1841         ,   0.020,   0.004,   0.026,        224,        5.8,         ,            ,            
en       ,AmericanStories     ,1850         ,   0.021,   0.004,   0.025,        202,        5.8,         ,            ,            
en       ,AmericanStories     ,1847         ,   0.019,   0.004,   0.023,        218,        5.7,         ,            ,            
en       ,AmericanStories     ,1853         ,   0.025,   0.004,   0.021,        149,        5.8,         ,            ,            
en       ,AmericanStories     ,1842         ,   0.012,   0.003,   0.015,        219,        5.7,         ,            ,            
en       ,AmericanStories     ,1843         ,   0.015,   0.002,   0.013,        156,        5.7,         ,            ,            
en       ,AmericanStories     ,1831         ,   0.007,   0.002,   0.010,        266,        5.8,         ,            ,            
en       ,AmericanStories     ,1827         ,   0.006,   0.002,   0.010,        268,        5.7,         ,            ,            
en       ,AmericanStories     ,1834         ,   0.004,   0.001,   0.006,        254,        5.7,         ,            ,            
en       ,AmericanStories     ,1837         ,   0.005,   0.001,   0.006,        226,        5.7,         ,            ,            
en       ,AmericanStories     ,1833         ,   0.004,   0.001,   0.006,        272,        5.7,         ,            ,            
en       ,AmericanStories     ,1838         ,   0.004,   0.001,   0.006,        237,        5.7,         ,            ,            
en       ,AmericanStories     ,1830         ,   0.003,   0.001,   0.006,        323,        5.8,         ,            ,            
en       ,AmericanStories     ,1825         ,   0.004,   0.001,   0.005,        266,        5.7,         ,            ,            
en       ,AmericanStories     ,1840         ,   0.004,   0.001,   0.005,        204,        5.7,         ,            ,            
en       ,AmericanStories     ,1836         ,   0.004,   0.001,   0.005,        197,        5.8,         ,            ,            
en       ,AmericanStories     ,1835         ,   0.004,   0.001,   0.005,        202,        5.7,         ,            ,            
en       ,AmericanStories     ,1832         ,   0.004,   0.001,   0.005,        214,        5.7,         ,            ,            
en       ,AmericanStories     ,1828         ,   0.003,   0.001,   0.004,        222,        5.8,         ,            ,            
en       ,AmericanStories     ,1826         ,   0.004,   0.001,   0.004,        190,        5.8,         ,            ,            
en       ,AmericanStories     ,1829         ,   0.002,   0.001,   0.004,        291,        5.7,         ,            ,            
en       ,AmericanStories     ,1839         ,   0.003,   0.001,   0.003,        168,        5.7,         ,            ,            
en       ,AmericanStories     ,1824         ,   0.001,   0.000,   0.001,        184,        5.7,         ,            ,            
en       ,AmericanStories     ,1806         ,   0.001,   0.000,   0.001,        166,        5.7,         ,            ,            
en       ,AmericanStories     ,1818         ,   0.001,   0.000,   0.001,        198,        5.7,         ,            ,            
en       ,AmericanStories     ,1805         ,   0.001,   0.000,   0.001,        164,        5.7,         ,            ,            
en       ,AmericanStories     ,1819         ,   0.001,   0.000,   0.001,        167,        5.7,         ,            ,            
en       ,AmericanStories     ,1823         ,   0.000,   0.000,   0.001,        230,        5.7,         ,            ,            
en       ,AmericanStories     ,1820         ,   0.000,   0.000,   0.000,        243,        5.7,         ,            ,            
en       ,AmericanStories     ,1799         ,   0.000,   0.000,   0.000,        231,        5.6,         ,            ,            
en       ,AmericanStories     ,1816         ,   0.000,   0.000,   0.000,        216,        5.7,         ,            ,            
en       ,AmericanStories     ,1821         ,   0.000,   0.000,   0.000,        219,        5.8,         ,            ,            
en       ,AmericanStories     ,1810         ,   0.000,   0.000,   0.000,        152,        5.8,         ,            ,            
en       ,AmericanStories     ,1822         ,   0.000,   0.000,   0.000,        188,        5.8,         ,            ,            
en       ,AmericanStories     ,1814         ,   0.000,   0.000,   0.000,        163,        5.7,         ,            ,            
en       ,AmericanStories     ,1803         ,   0.000,   0.000,   0.000,        159,        5.6,         ,            ,            
en       ,AmericanStories     ,1815         ,   0.000,   0.000,   0.000,        218,        5.6,         ,            ,            
en       ,AmericanStories     ,1817         ,   0.000,   0.000,   0.000,        158,        5.8,         ,            ,            
en       ,AmericanStories     ,1802         ,   0.000,   0.000,   0.000,         63,        5.7,         ,            ,            
en       ,AmericanStories     ,1808         ,   0.000,   0.000,   0.000,        288,        5.7,         ,            ,            
en       ,AmericanStories     ,1809         ,   0.000,   0.000,   0.000,         88,        5.7,         ,            ,            
en       ,AmericanStories     ,1801         ,   0.000,   0.000,   0.000,        182,        5.8,         ,            ,            
en       ,AmericanStories     ,1807         ,   0.000,   0.000,   0.000,         85,        5.7,         ,            ,            
en       ,AmericanStories     ,1813         ,   0.000,   0.000,   0.000,        102,        5.7,         ,            ,            
en       ,AmericanStories     ,1804         ,   0.000,   0.000,   0.000,        117,        5.6,         ,            ,            
en       ,AmericanStories     ,1812         ,   0.000,   0.000,   0.000,        155,        5.7,         ,            ,            
en       ,AmericanStories     ,1800         ,   0.000,   0.000,   0.000,        109,        6.0,         ,            ,            
en       ,AmericanStories     ,1811         ,   0.000,   0.000,   0.000,        102,        6.0,         ,            ,            
en       ,AmericanStories     ,1798         ,   0.000,   0.000,   0.000,         56,        5.7,         ,            ,            
en       ,AmericanStories     ,1774         ,   0.000,   0.000,   0.000,          0,        0.0,         ,            ,            
en       ,Wikipedia.en        ,             ,   6.893,   4.708,  26.616,        683,        5.7,    8.315,        1.77,        3.20
en       ,Gutenberg.en        ,             ,   0.056,   3.642,  21.203,      64682,        5.8,    5.998,        1.65,        3.53
en       ,Eurovoc.en          ,             ,   0.274,   1.567,   9.813,       5721,        6.3,    2.848,        1.82,        3.45
en       ,Claire.en           ,MediaSum     ,   0.458,   0.738,   4.226,       1611,        5.7,    1.066,        1.44,        3.96
en       ,Claire.en           ,DialogStudio ,   0.473,   0.061,   0.378,        129,        6.2,    0.123,        2.01,        3.09
en       ,Claire.en           ,BNC          ,   0.001,   0.011,   0.060,      11760,        5.6,    0.018,        1.64,        3.42
en       ,Claire.en           ,OANC         ,   0.004,   0.005,   0.027,       1366,        5.6,    0.008,        1.72,        3.24
en       ,Claire.en           ,DailyDialog  ,   0.013,   0.001,   0.007,         97,        5.9,    0.002,        1.88,        3.14
en       ,Claire.en           ,ICSI         ,   0.000,   0.001,   0.006,      11841,        6.2,    0.002,        2.09,        2.98
en       ,Claire.en           ,AMI          ,   0.000,   0.001,   0.005,       5744,        6.3,    0.002,        2.14,        2.95
en       ,Claire.en           ,ETELECSC     ,   0.000,   0.000,   0.000,       4384,        5.3,    0.000,        1.50,        3.56
en       ,Europarl.en         ,             ,   0.011,   0.056,   0.339,       5071,        6.0,    0.073,        1.30,        4.65
fr-en    ,CroissantAligned    ,train        , 408.029,  16.469, 102.757,         40,        6.2,         ,            ,            
fr-en    ,EuroparlAligned.fr-e,             ,   2.003,   0.105,   0.655,         52,        6.2,         ,            ,            
de       ,Wikipedia.de        ,             ,   2.877,   1.709,  11.252,        594,        6.6,    3.826,        2.24,        2.94
de       ,Eurovoc.de          ,             ,   0.248,   0.713,   5.199,       2871,        7.3,    1.777,        2.49,        2.93
de       ,Gutenberg.de        ,             ,   0.002,   0.088,   0.583,      54619,        6.6,    0.218,        2.49,        2.67
de       ,Europarl.de         ,             ,   0.010,   0.045,   0.327,       4444,        7.2,    0.086,        1.90,        3.82
es       ,Wikipedia.es        ,             ,   1.947,   1.245,   7.161,        639,        5.8,    2.322,        1.87,        3.08
es       ,Eurovoc.es          ,             ,   0.247,   0.789,   4.895,       3198,        6.2,    1.620,        2.05,        3.02
es       ,Europarl.es         ,             ,   0.010,   0.052,   0.325,       5086,        6.2,    0.083,        1.59,        3.89
es       ,Gutenberg.es        ,             ,   0.001,   0.050,   0.296,      72564,        5.9,    0.102,        2.05,        2.89
it       ,Wikipedia.it        ,             ,   1.870,   1.060,   6.161,        567,        5.8,    2.129,        2.01,        2.89
it       ,Eurovoc.it          ,             ,   0.246,   0.732,   4.881,       2973,        6.7,    1.659,        2.27,        2.94
it       ,Gutenberg.it        ,             ,   0.001,   0.067,   0.423,      70019,        6.3,    0.142,        2.12,        2.98
es-en    ,EuroparlAligned.es-e,             ,   1.961,   0.103,   0.631,         52,        6.1,    0.157,        1.53,        4.02
it-en    ,EuroparlAligned.it-e,             ,   1.901,   0.100,   0.638,         52,        6.4,    0.165,        1.65,        3.87
de-fr    ,EuroparlAligned.de-f,             ,   1.792,   0.091,   0.621,         51,        6.8,         ,            ,            
code     ,TheStack            ,javascript   ,  21.109,   8.526, 141.647,        404,       16.6,   61.531,        7.22,        2.30
code     ,TheStack            ,java         ,  20.152,   7.421,  89.297,        368,       12.0,   29.239,        3.94,        3.05
code     ,TheStack            ,c            ,   8.626,   5.916,  57.428,        686,        9.7,   25.380,        4.29,        2.26
code     ,TheStack            ,python       ,  12.962,   5.434,  64.304,        419,       11.8,   22.973,        4.23,        2.80
code     ,TheStack            ,php          ,  15.905,   4.865,  66.844,        306,       13.7,   23.991,        4.93,        2.79
code     ,TheStack            ,c++          ,   6.378,   4.584,  50.892,        719,       11.1,   19.943,        4.35,        2.55
code     ,TheStack            ,c#           ,  10.839,   3.574,  46.286,        330,       13.0,   14.132,        3.95,        3.28
code     ,TheStack            ,go           ,   4.730,   2.735,  25.738,        578,        9.4,   10.754,        3.93,        2.39
code     ,TheStack            ,typescript   ,  10.637,   2.617,  28.815,        246,       11.0,   10.314,        3.94,        2.79
code     ,TheStack            ,rust         ,   1.387,   0.872,   9.529,        629,       10.9,    3.406,        3.91,        2.80
code     ,TheStack            ,ruby         ,   3.405,   0.646,   7.139,        190,       11.1,    2.532,        3.92,        2.82
code     ,TheStack            ,swift        ,   1.756,   0.553,   6.134,        315,       11.1,    1.980,        3.58,        3.10
code     ,TheStack            ,scala        ,   1.362,   0.457,   4.862,        335,       10.6,    1.678,        3.67,        2.90
code     ,TheStack            ,kotlin       ,   2.243,   0.454,   5.769,        202,       12.7,    1.859,        4.10,        3.10
code     ,TheStack            ,tex          ,   0.398,   0.394,   3.805,        989,        9.7,    1.591,        4.04,        2.39
code     ,TheStack            ,lua          ,   0.559,   0.318,   3.279,        570,       10.3,    1.428,        4.48,        2.30
code     ,TheStack            ,dart         ,   0.933,   0.308,   3.864,        331,       12.5,    1.303,        4.22,        2.97
code     ,TheStack            ,haskell      ,   0.545,   0.307,   2.364,        563,        7.7,    0.855,        2.78,        2.77
code     ,TheStack            ,perl         ,   0.392,   0.297,   2.634,        757,        8.9,    1.199,        4.04,        2.20
code     ,TheStack            ,assembly     ,   0.248,   0.209,   1.575,        840,        7.5,    0.898,        4.30,        1.75
code     ,TheStack            ,fortran      ,   0.165,   0.192,   1.843,       1158,        9.6,    0.817,        4.27,        2.26
code     ,TheStack            ,julia        ,   0.299,   0.152,   1.539,        510,       10.1,    0.693,        4.55,        2.22
code     ,TheStack            ,ocaml        ,   0.160,   0.130,   1.107,        812,        8.5,    0.449,        3.46,        2.47
code     ,TheStack            ,mathematica  ,   0.027,   0.120,   1.720,       4454,       14.4,    1.150,        9.60,        1.50
code     ,TheStack            ,elixir       ,   0.282,   0.073,   0.737,        259,       10.1,    0.272,        3.72,        2.71
code     ,TheStack            ,erlang       ,   0.099,   0.066,   0.726,        661,       11.0,    0.276,        4.20,        2.63
code     ,TheStack            ,clojure      ,   0.126,   0.045,   0.492,        355,       11.0,    0.187,        4.16,        2.63
code     ,TheStack            ,r            ,   0.039,   0.028,   0.305,        711,       10.9,    0.167,        6.01,        1.82
code     ,TheStack            ,matlab       ,   0.001,   0.009,   0.037,       8940,        4.3,    0.043,        4.94,        0.87
code     ,TheStack            ,racket       ,   0.004,   0.005,   0.038,       1141,        7.9,    0.016,        3.32,        2.37
